"table_name	field_name	name	Constraints  (PK/NULL)"||||
"A_TblCase	IDNCASE	int	NO"|||| 
"A_TblCase	ALIEN_CITY	varchar	YES"||||
"A_TblCase	ALIEN_STATE	varchar	YES"||||
"A_TblCase	ALIEN_ZIPCODE	varchar	YES"||||
"A_TblCase	NAT	varchar	YES"||||
"A_TblCase	LANG	varchar	YES"||||
"A_TblCase	CUSTODY	varchar	YES"||||
"A_TblCase	SITE_TYPE	varchar	YES"||||
"A_TblCase	E_28_DATE	datetime	YES"||||
"A_TblCase	ATTY_NBR	varchar	YES"||||
"A_TblCase	CASE_TYPE	varchar	YES"||||
"A_TblCase	UPDATE_SITE	varchar	YES"||||
"A_TblCase	LATEST_HEARING	datetime	YES"||||
"A_TblCase	LATEST_TIME	varchar	YES"||||
"A_TblCase	LATEST_CAL_TYPE	varchar	YES"||||
"A_TblCase	UP_BOND_DATE	datetime	YES"||||
"A_TblCase	UP_BOND_RSN	varchar	YES"||||
"A_TblCase	CORRECTIONAL_FAC	varchar	YES"||||
"A_TblCase	RELEASE_MONTH	varchar	YES"||||
"A_TblCase	RELEASE_YEAR	varchar	YES"||||
"A_TblCase	INMATE_HOUSING	varchar	YES"||||
"A_TblCase	DATE_OF_ENTRY	datetime	YES"||||
"A_TblCase	C_ASY_TYPE	varchar	YES"||||
"A_TblCase	C_BIRTHDATE	datetime	YES"||||
"A_TblCase	C_RELEASE_DATE	datetime	YES"||||
"A_TblCase	UPDATED_CITY	varchar	YES"||||
A_TblCaseUPDATED_ZIPCODEvarcharYES||||
"A_TblCase	UPDATED_STATE	varchar	YES"||||
"A_TblCase	ADDRESS_CHANGEDON	datetime	YES"||||
"A_TblCase	ZBOND_MRG_FLAG	varchar	YES"||||
"A_TblCase	GENDER	varchar	YES"||||
"A_TblCase	DATE_DETAINED	datetime	YES"||||
"A_TblCase	DATE_RELEASED	datetime	YES"||||
"A_TblCase	LPR	bit	YES"|| ||
"A_TblCase	DETENTION_DATE	datetime	YES"||||
"A_TblCase	DETENTION_LOCATION	varchar	YES"||||
"A_TblCase	DCO_LOCATION	varchar	YES"||||
"A_TblCase	DETENTION_FACILITY_TYPE	varchar	YES"||||
"A_TblCase	CASEPRIORITY_CODE	varchar	NO"||||
"A_TblCaseIdentifier	IDNCASEID	int	NO"||||
"A_TblCaseIdentifier	IDNCASE	int	YES"||||
"A_TblCaseIdentifier	CASE_ID	varchar	NO"||||
"B_TblProceedCharges	IDNPRCDCHG	int	NO"||||
"B_TblProceedCharges	IDNCASE	int	YES"||||
"B_TblProceedCharges	IDNPROCEEDING	int	YES"||||
"B_TblProceedCharges	CHARGE	varchar	YES"||||
"B_TblProceedCharges	CHG_STATUS	varchar	YES"||||
"B_TblProceeding	IDNPROCEEDING	int	NO"||||
"B_TblProceeding	IDNCASE	int	YES"||||
"B_TblProceeding	OSC_DATE	datetime	YES"||||
"B_TblProceeding	INPUT_DATE	datetime	YES"||||
"B_TblProceeding	BASE_CITY_CODE	varchar	YES"||||
"B_TblProceeding	HEARING_LOC_CODE	varchar	YES"||||
"B_TblProceeding	IJ_CODE	varchar	YES"||||
"B_TblProceeding	TRANS_IN_DATE	datetime	YES"||||
"B_TblProceeding	PREV_HEARING_LOC	varchar	YES"||||
"B_TblProceeding	PREV_HEARING_BASE	varchar	YES"||||
"B_TblProceeding	PREV_IJ_CODE	varchar	YES"||||
"B_TblProceeding	TRANS_NBR	varchar	YES"||||
"B_TblProceeding	HEARING_DATE	datetime	YES"||||
"B_TblProceeding	HEARING_TIME	varchar	YES"||||
"B_TblProceeding	DEC_TYPE	varchar	YES"||||
"B_TblProceeding	DEC_CODE	varchar	YES"||||
"B_TblProceeding	DEPORTED_1	varchar	YES"||||
"B_TblProceeding	DEPORTED_2	varchar	YES"||||
"B_TblProceeding	OTHER_COMP	varchar	YES"||||
"B_TblProceeding	APPEAL_RSVD	varchar	YES"||||
"B_TblProceeding	APPEAL_NOT_FILED	varchar	YES"||||
"B_TblProceeding	COMP_DATE	datetime	YES"||||
"B_TblProceeding	ABSENTIA	varchar	YES"||||
"B_TblProceeding	VENUE_CHG_GRANTED	datetime	YES"||||
"B_TblProceeding	TRANSFER_TO	varchar	YES"||||
"B_TblProceeding	DATE_APPEAL_DUE_STATUS	datetime	YES"||||
"B_TblProceeding	TRANSFER_STATUS	varchar	YES"||||
"B_TblProceeding	CUSTODY	varchar	YES"||||
"B_TblProceeding	CASE_TYPE	varchar	YES"||||
"B_TblProceeding	NAT	varchar	YES"||||
"B_TblProceeding	LANG	varchar	YES"||||
"B_TblProceeding	SCHEDULED_HEAR_LOC	varchar	YES"||||
"B_TblProceeding	CORRECTIONAL_FAC	varchar	YES"||||
"B_TblProceeding	CRIM_IND	varchar	YES"||||
"B_TblProceeding	IHP	varchar	YES"||||
"B_TblProceeding	AGGRAVATE_FELON	bit	YES"||||
"B_TblProceeding	DATE_DETAINED	datetime	YES"||||
"B_TblProceeding	DATE_RELEASED	datetime	YES"||||
"D_TblAssociatedBond	IDNASSOCBOND	int	NO"||||
"D_TblAssociatedBond	IDNPROCEEDING	int	YES"||||
"D_TblAssociatedBond	IDNCASE	int	YES"||||
"D_TblAssociatedBond	OSC_DATE	datetime	YES"||||
"D_TblAssociatedBond	REC_TYPE	varchar	YES"||||
"D_TblAssociatedBond	GENERATION	varchar	YES"||||
"D_TblAssociatedBond	SUB_GENERATION	varchar	YES"||||
"D_TblAssociatedBond	UPDATE_DATE	datetime	YES"||||
"D_TblAssociatedBond	UPDATE_TIME	varchar	YES"||||
"D_TblAssociatedBond	INPUT_DATE	datetime	YES"||||
"D_TblAssociatedBond	INPUT_TIME	varchar	YES"||||
"D_TblAssociatedBond	REJ	varchar	YES"||||
"D_TblAssociatedBond	BASE_CITY_CODE	varchar	YES"||||
"D_TblAssociatedBond	BASE_CITY_NAME	varchar	YES"||||
"D_TblAssociatedBond	HEARING_LOC_CODE	varchar	YES"||||
"D_TblAssociatedBond	IJ_CODE	varchar	YES"||||
"D_TblAssociatedBond	IJ_NAME	varchar	YES"||||
"D_TblAssociatedBond	DEC	varchar	YES"||||
"D_TblAssociatedBond	COMP_DATE	datetime	YES"||||
"D_TblAssociatedBond	INITIAL_BOND	varchar	YES"||||
"D_TblAssociatedBond	REL_CON	varchar	YES"||||
"D_TblAssociatedBond	INS_TA	varchar	YES"||||
"D_TblAssociatedBond	BOND_HEARING_TELEPHONIC	varchar	YES"||||
"D_TblAssociatedBond	SEND_MSG_WU	varchar	YES"||||
"D_TblAssociatedBond	BOND_HEAR_REQ_DATE	datetime	YES"||||
"D_TblAssociatedBond	BOND_HEARING_DATE	datetime	YES"||||
"D_TblAssociatedBond	BOND_HEARING_TIME	varchar	YES"||||
"D_TblAssociatedBond	ADJ1_CAL_TYPE	varchar	YES"||||
"D_TblAssociatedBond	ADJ1_DATE	datetime	YES"||||
"D_TblAssociatedBond	ADJ1_TIME	varchar	YES"||||
"D_TblAssociatedBond	ADJ1_RSN	varchar	YES"||||
"D_TblAssociatedBond	ADJ1_TELEPHONIC	varchar	YES"||||
"D_TblAssociatedBond	ADJ1_MSG	varchar	YES"||||
"D_TblAssociatedBond	ADJ2_CAL_TYPE	varchar	YES"||||
"D_TblAssociatedBond	ADJ2_DATE	datetime	YES"||||
"D_TblAssociatedBond	ADJ2_TIME	varchar	YES"||||
"D_TblAssociatedBond	ADJ2_RSN	varchar	YES"||||
"D_TblAssociatedBond	ADJ2_TELEPHONIC	varchar	YES"||||
"D_TblAssociatedBond	ADJ2_MSG	varchar	YES"||||
"D_TblAssociatedBond	NEW_BOND	varchar	YES"||||
"D_TblAssociatedBond	APPEAL_REVD	varchar	YES"||||
"D_TblAssociatedBond	APPEAL_NOT_FILED	varchar	YES"||||
"D_TblAssociatedBond	DATE_APPEAL_DUE	datetime	YES"||||
"D_TblAssociatedBond	E_28_DATE	datetime	YES"||||
"D_TblAssociatedBond	SCHEDULED_HEAR_LOC	varchar	YES"||||
"D_TblAssociatedBond	BOND_TYPE	varchar	YES"||||
"D_TblAssociatedBond	FILING_METHOD	varchar	YES"||||
"D_TblAssociatedBond	FILING_PARTY	varchar	YES"||||
"D_TblAssociatedBond	DECISION_DUE_DATE	datetime	YES"||||
"tbl_br_DeductCodes	DeductCode	varchar	YES"||||
"tbl_br_DeductCodes	DeductDescription	varchar	YES"||||
"tbl_br_DeductCodes	idnRepl	int	NO"||||
"tbl_CasePriorityHistory	idnCasePriHistory	int	NO"||||
"tbl_CasePriorityHistory	casePriority_code	varchar	NO"||||
"tbl_CasePriorityHistory	idnCase	int	YES"||||
"tbl_CasePriorityHistory	DATCREATEDON	datetime	YES"||||
"tbl_CasePriorityHistory	DATMODIFIEDON	datetime	YES"||||
"tbl_Court_Appln	IDNPROCEEDINGAPPLN	int	NO"||||
"tbl_Court_Appln	IDNPROCEEDING	int	YES"||||
"tbl_Court_Appln	IDNCASE	int	YES"||||
"tbl_Court_Appln	APPL_CODE	varchar	YES"||||
"tbl_Court_Appln	APPL_RECD_DATE	datetime	YES"||||
"tbl_Court_Appln	APPL_DEC	varchar	YES"||||
"tbl_Court_Motions	IDNMOTION	int	NO"||||
"tbl_Court_Motions	IDNPROCEEDING	int	YES"||||
"tbl_Court_Motions	IDNCASE	int	YES"||||
"tbl_Court_Motions	OSC_DATE	datetime	YES"||||
"tbl_Court_Motions	REC_TYPE	varchar	YES"||||
"tbl_Court_Motions	GENERATION	varchar	YES"||||
"tbl_Court_Motions	SUB_GENERATION	varchar	YES"||||
"tbl_Court_Motions	UPDATE_DATE	datetime	YES"||||
"tbl_Court_Motions	UPDATE_TIME	varchar	YES"||||
"tbl_Court_Motions	INPUT_DATE	datetime	YES"||||
"tbl_Court_Motions	INPUT_TIME	varchar	YES"||||
"tbl_Court_Motions	REJ	varchar	YES"||||
"tbl_Court_Motions	BASE_CITY_CODE	varchar	YES"||||
"tbl_Court_Motions	HEARING_LOC_CODE	varchar	YES"||||
"tbl_Court_Motions	IJ_CODE	varchar	YES"||||
"tbl_Court_Motions	IJ_NAME	varchar	YES"||||
"tbl_Court_Motions	DEC	varchar	YES"||||
"tbl_Court_Motions	COMP_DATE	datetime	YES"||||
"tbl_Court_Motions	MOTION_RECD_DATE	datetime	YES"||||
"tbl_Court_Motions	DATMOTIONDUE	datetime	YES"||||
"tbl_Court_Motions	WU_MSG	varchar	YES"||||
"tbl_Court_Motions	APPEAL_RSVD	varchar	YES"||||
"tbl_Court_Motions	APPEAL_NOT_FILED	varchar	YES"||||
"tbl_Court_Motions	RESP_DUE_DATE	datetime	YES"||||
"tbl_Court_Motions	STAY_GRANT	varchar	YES"||||
"tbl_Court_Motions	JURISDICTION	varchar	YES"||||
"tbl_Court_Motions	DATE_APPEAL_DUE	datetime	YES"||||
"tbl_Court_Motions	DATE_TO_BIA	datetime	YES"||||
"tbl_Court_Motions	DECISION_RENDERED	datetime	YES"||||
"tbl_Court_Motions	DATE_MAILED_TO_IJ	datetime	YES"||||
"tbl_Court_Motions	DATE_RECD_FROM_BIA	datetime	YES"||||
"tbl_Court_Motions	DATE_TO_BIA_UPDATE	varchar	YES"||||
"tbl_Court_Motions	STRFILINGPARTY	varchar	YES"||||
"tbl_Court_Motions	STRFILINGMETHOD	varchar	YES"||||
"tbl_Court_Motions	STRCERTOFSERVICECODE	char	YES"||||
"tbl_Court_Motions	E_28_RECPTFLAG	bit	YES"||||
"tbl_Court_Motions	E_28_DATE	datetime	YES"||||
"tbl_Court_Motions	O_CLOCK_OPTION	varchar	YES"||||
"tbl_Court_Motions	SCHEDULED_HEAR_LOC	varchar	YES"||||
"tbl_Court_Motions	BLNDELETED	bit	NO"||||
"tbl_Court_Motions	strDJScenario	varchar	YES"||||
"tbl_CustodyHistory	IDNCUSTODY	int	NO"||||
"tbl_CustodyHistory	IDNCASE	int	YES"||||
"tbl_CustodyHistory	CUSTODY	varchar	YES"||||
"tbl_CustodyHistory	DATDETAINED	datetime	YES"||||
"tbl_CustodyHistory	DATRELEASED	datetime	YES"||||
"tbl_EOIR_Attorney	EOIRAttorneyID	uniqueidentifier	NO"||||
"tbl_EOIR_Attorney	OldAttorneyID	int	YES"||||
"tbl_EOIR_Attorney	BaseCityCode	varchar	YES"||||
"tbl_EOIR_Attorney	blnAttorneyActive	int	YES"||||
"tbl_EOIR_Attorney	Source_Flag	varchar	NO"||||
"tbl_EOIR_Attorney	datCreatedOn	datetime	YES"||||
"tbl_EOIR_Attorney	datModifiedOn	datetime	YES"||||
"tbl_JuvenileHistory	idnJuvenileHistory	int	NO"||||
"tbl_JuvenileHistory	idnCase	int	YES"||||
"tbl_JuvenileHistory	idnProceeding	int	YES"||||
"tbl_JuvenileHistory	idnJuvenile	int	YES"||||
"tbl_JuvenileHistory	DATCREATEDON	datetime	YES"||||
"tbl_JuvenileHistory	DATMODIFIEDON	datetime	YES"||||
"tbl_Lead_Rider	idnLeadRider	int	NO"||||
"tbl_Lead_Rider	idnLeadCase	int	NO"||||
"tbl_Lead_Rider	idnRiderCase	int	NO"||||
"tbl_Lead_Rider	datCreatedOn	datetime	NO"||||
"tbl_Lead_Rider	datModifiedOn	datetime	NO"||||
"tbl_Lead_Rider	datSeveredOn	datetime	YES"||||
"tbl_Lead_Rider	idnLeadProceedingStart	int	YES"||||
"tbl_Lead_Rider	idnLeadProceedingEnd	int	YES"||||
"tbl_Lead_Rider	idnRiderProceedingStart	int	YES"||||
"tbl_Lead_Rider	idnRiderProceedingEnd	int	YES"||||
"tbl_Lead_Rider	blnActive	bit	NO"||||
"tbl_RepsAssigned	IDNREPSASSIGNED	int	NO"||||
"tbl_RepsAssigned	IDNCASE	int	YES"||||
"tbl_RepsAssigned	STRATTYLEVEL	varchar	YES"||||
"tbl_RepsAssigned	STRATTYTYPE	varchar	YES"||||
"tbl_RepsAssigned	PARENT_TABLE	varchar	YES"||||
"tbl_RepsAssigned	PARENT_IDN	int	YES"||||
"tbl_RepsAssigned	BASE_CITY_CODE	varchar	YES"||||
"tbl_RepsAssigned	INS_TA_DATE_ASSIGNED	datetime	YES"||||
"tbl_RepsAssigned	E_27_DATE	datetime	YES"||||
"tbl_RepsAssigned	E_28_DATE	datetime	YES"||||
"tbl_RepsAssigned	BLNPRIMEATTY	bit	NO"||||
"tbl_schedule	IDNSCHEDULE	int	NO"||||
"tbl_schedule	IDNPROCEEDING	int	YES"||||
"tbl_schedule	IDNCASE	int	YES"||||
"tbl_schedule	OSC_DATE	datetime	YES"||||
"tbl_schedule	GENERATION	varchar	YES"||||
"tbl_schedule	SUB_GENERATION	varchar	YES"||||
"tbl_schedule	REC_TYPE	varchar	YES"||||
"tbl_schedule	LANG	varchar	YES"||||
"tbl_schedule	HEARING_LOC_CODE	varchar	YES"||||
"tbl_schedule	BASE_CITY_CODE	varchar	YES"||||
"tbl_schedule	IJ_CODE	varchar	YES"||||
"tbl_schedule	INTERPRETER_CODE	varchar	YES"||||
"tbl_schedule	INPUT_DATE	datetime	YES"||||
"tbl_schedule	INPUT_TIME	varchar	YES"||||
"tbl_schedule	UPDATE_DATE	datetime	YES"||||
"tbl_schedule	UPDATE_TIME	varchar	YES"||||
"tbl_schedule	ASSIGNMENT_PATH	varchar	YES"||||
"tbl_schedule	CAL_TYPE	varchar	YES"||||
"tbl_schedule	ADJ_DATE	datetime	YES"||||
"tbl_schedule	ADJ_TIME_START	varchar	YES"||||
"tbl_schedule	ADJ_TIME_STOP	varchar	YES"||||
"tbl_schedule	ADJ_RSN	varchar	YES"||||
"tbl_schedule	ADJ_MEDIUM	varchar	YES"||||
"tbl_schedule	ADJ_MSG	varchar	YES"||||
"tbl_schedule	ADJ_ELAP_DAYS	varchar	YES"||||
"tbl_schedule	LNGSESSNID	int	YES"||||
"tbl_schedule	SCHEDULE_TYPE	varchar	YES"||||
"tbl_schedule	NOTICE_CODE	char	YES"||||
"tbl_schedule	BLNCLOCKOVERRIDE	bit	NO"||||
"tbl_schedule	EOIRAttorneyID	uniqueidentifier	YES"||||
"tblAction	IDNACTION	int	NO"||||
"tblAction	IDNCASE	int	YES"||||
"tblAction	STRCOMPONENT	varchar	YES"||||
"tblAction	SYSTEMFROM	varchar	YES"||||
"tblAction	BLNDOCKETITEM	bit	YES"||||
"tblAction	DATACTION	datetime	YES"||||
"tblAction	STRCATEGORY	varchar	YES"||||
"tblAction	STRSUBCATEGORY	varchar	YES"||||
"tblAction	STRDESCRIPTION	varchar	YES"||||
"tblAction	BASECITY	varchar	YES"||||
"tblAction	HLOC	varchar	YES"||||
"tblAction	BLNASSOCIATEDDOC	bit	YES"||||
"tblAction	STRDOCUMENT	varchar	YES"||||
"tblAction	CASE_APPEAL_IDN	int	YES"||||
"tblAction	DATCREATEDON	datetime	YES"||||
"tblAction	DATMODIFIEDON	datetime	YES"||||
"tblAction	BLNACTIVE	bit	YES"||||
"tblAction	IDNPROCEEDING	int	YES"||||
"tblAction	IDNRECORD	int	YES"||||
"tblAdjournmentcodes	idnAdjCode	int	NO"||||
"tblAdjournmentcodes	strcode	varchar	NO"||||
"tblAdjournmentcodes	strDesciption	varchar	YES"||||
"tblAdjournmentcodes	Regd_By	varchar	YES"||||
"tblAdjournmentcodes	datCreatedOn	datetime	YES"||||
"tblAdjournmentcodes	datModifiedOn	datetime	YES"||||
"tblAdjournmentcodes	blnActive	bit	NO"||||
"tblAdjournmentcodes	asy_clk_stat	varchar	YES"||||
"tblAppeal	idnAppeal	int	NO"||||
"tblAppeal	idncase	int	YES"||||
"tblAppeal	idnProceeding	int	YES"||||
"tblAppeal	strAppealCategory	varchar	YES"||||
"tblAppeal	strAppealType	varchar	YES"||||
"tblAppeal	datAppealFiled	datetime	YES"||||
"tblAppeal	strFiledBy	varchar	YES"||||
"tblAppeal	datAttorneyE27	datetime	YES"||||
"tblAppeal	datBIADecision	datetime	YES"||||
"tblAppeal	strBIADecision	varchar	YES"||||
"tblAppeal	strBIADecisionType	varchar	YES"||||
"tblAppeal	strCaseType	varchar	YES"||||
"tblAppeal	strLang	varchar	YES"||||
"tblAppeal	strNat	varchar	YES"||||
"tblAppeal	strProceedingIHP	varchar	YES"||||
"tblAppeal	strCustody	varchar	YES"||||
"tblAppeal	strProbono	varchar	YES"||||
"tblAppealFedCourts	idnAppealFedCourts	int	NO"||||
"tblAppealFedCourts	lngAppealID	int	YES"||||
"tblAppealFedCourts	datRequestedByOIL	datetime	YES"||||
"tblAppealFedCourts	datFedCourtDecision	datetime	YES"||||
"tblAppealFedCourts	strFedCourtDecision	varchar	YES"||||
"tblBarCodeType	idnBarCodeType	int	NO"||||
"tblBarCodeType	strBarCodeTypeID	varchar	YES"||||
"tblBarCodeType	strBarCodeTypeDescription	varchar	YES"||||
"tblBarCodeType	blnActive	bit	NO"||||
"tblBarCodeType	datCreatedOn	datetime	YES"||||
"tblBarCodeType	datModifiedOn	datetime	YES"||||
"tblBarCodeType	lngGroupID	int	YES"||||
"tblDecCode	idnDecCode	int	NO"||||
"tblDecCode	strCode	varchar	NO"||||
"tblDecCode	strDescription	varchar	YES"||||
"tblDecCode	datCreatedOn	datetime	YES"||||
"tblDecCode	datModifiedOn	datetime	YES"||||
"tblDecCode	blnActive	bit	NO"||||
"tblInmateHousing	idnInmate	int	NO"||||
"tblInmateHousing	Strcity	varchar	NO"||||
"tblInmateHousing	Strcode	varchar	NO"||||
"tblInmateHousing	Strdescription	varchar	YES"||||
"tblInmateHousing	datCreatedOn	datetime	YES"||||
"tblInmateHousing	datModifiedOn	datetime	YES"||||
"tblInmateHousing	blnActive	bit	NO"||||
"tblINSoffice	idnINSOffice	int	NO"||||
"tblINSoffice	strCode	varchar	NO"||||
"tblINSoffice	strDescription	varchar	YES"||||
"tblINSoffice	datCreatedOn	datetime	YES"||||
"tblINSoffice	datModifiedOn	datetime	YES"||||
"tblINSoffice	blnActive	bit	NO"||||
"tblLanguage	idnLang	int	NO"||||
"tblLanguage	strCode	varchar	YES"||||
"tblLanguage	strDescription	varchar	YES"||||
"tblLanguage	datCreatedOn	datetime	YES"||||
"tblLanguage	datModifiedOn	datetime	YES"||||
"tblLanguage	blnActive	bit	NO"||||
"tblLookUp_Appln	idnAppln	int	NO"||||
"tblLookUp_Appln	strcode	varchar	NO"||||
"tblLookUp_Appln	strdescription	varchar	YES"||||
"tblLookUp_Appln	strAllowedCaseTypes	varchar	YES"||||
"tblLookUp_Appln	strAllowedDecisionCodes	varchar	YES"||||
"tblLookUp_Appln	APL_casetype_1	varchar	YES"||||
"tblLookUp_Appln	APL_casetype_2	varchar	YES"||||
"tblLookUp_Appln	APL_casetype_3	varchar	YES"||||
"tblLookUp_Appln	APL_casetype_4	varchar	YES"||||
"tblLookUp_Appln	APL_casetype_5	varchar	YES"||||
"tblLookUp_Appln	APL_casetype_6	varchar	YES"||||
"tblLookUp_Appln	APL_casetype_7	varchar	YES"||||
"tblLookUp_Appln	datCreatedOn	datetime	YES"||||
"tblLookUp_Appln	datModifiedOn	datetime	YES"||||
"tblLookUp_Appln	blnActive	bit	NO"||||
"tblLookup_BIACluster	idnLookupCluster	int	NO"||||
"tblLookup_BIACluster	Report_Classification	varchar	YES"||||
"tblLookup_BIACluster	Region_Name	varchar	YES"||||
"tblLookup_BIACluster	Cluster_Name	varchar	YES"||||
"tblLookup_BIACluster	Cluster_Subgroup	varchar	YES"||||
"tblLookup_BIACluster	idnBaseCity	int	NO"||||
"tblLookup_BIACluster	Sort_Start	varchar	YES"||||
"tblLookup_BIACluster	Sort_End	varchar	YES"||||
"tblLookup_CasePriority	idnCasePriority	int	NO"||||
"tblLookup_CasePriority	strCode	varchar	NO"||||
"tblLookup_CasePriority	strDescription	varchar	YES"||||
"tblLookup_CasePriority	strDays	int	YES"||||
"tblLookup_CasePriority	DATCREATEDON	datetime	YES"||||
"tblLookup_CasePriority	DATMODIFIEDON	datetime	YES"||||
"tblLookup_CasePriority	blnActive	bit	NO"||||
"tblLookup_CasePriority	blnBypasscal	bit	NO"||||
"tbllookup_Category	strcategory	varchar	NO"||||
"tbllookup_Category	strDescription	varchar	YES"||||
"tbllookup_Category	datCreatedOn	datetime	YES"||||
"tbllookup_Category	datModifiedOn	datetime	YES"||||
"tbllookup_Category	blnActive	bit	NO"||||
"tbllookup_Category	idnCategory	int	NO"||||
"tblLookup_INS_Clock_Entry_Status	idnClEnSt	int	NO"||||
"tblLookup_INS_Clock_Entry_Status	INS_Clock_Entry_Status_Code	varchar	NO"||||
"tblLookup_INS_Clock_Entry_Status	INS_Clock_Entry_Status_Desc	varchar	YES"||||
"tblLookup_INS_Clock_Entry_Status	datCreatedOn	datetime	YES"||||
"tblLookup_INS_Clock_Entry_Status	datModifiedOn	datetime	YES"||||
"tblLookup_INS_Clock_Entry_Status	blnActive	bit	NO"||||
"tblLookup_Juvenile	idnJuvenile	int	NO"||||
"tblLookup_Juvenile	strCode	varchar	NO"||||
"tblLookup_Juvenile	strDescription	varchar	YES"||||
"tblLookup_Juvenile	DATCREATEDON	datetime	YES"||||
"tblLookup_Juvenile	DATMODIFIEDON	datetime	YES"||||
"tblLookup3MbrReferredReason	idnReason	int	NO"||||
"tblLookup3MbrReferredReason	strReason	varchar	YES"||||
"tblLookup3MbrReferredReason	blnActive	bit	YES"||||
"tblLookup3MbrReferredReason	datCreatedOn	datetime	YES"||||
"tblLookup3MbrReferredReason	datModifiedOn	datetime	YES"||||
"tblLookupAlienNat	idnNat	int	NO"||||
"tblLookupAlienNat	strCode	varchar	NO"||||
"tblLookupAlienNat	strDescription	varchar	YES"||||
"tblLookupAlienNat	Nacara	varchar	YES"||||
"tblLookupAlienNat	blnActive	bit	NO"||||
"tblLookupAlienNat	datCreatedOn	datetime	YES"||||
"tblLookupAlienNat	datModifiedOn	datetime	YES"||||
"tblLookUpAllegationStmt	idnAllegStmt	int	NO"||||
"tblLookUpAllegationStmt	strcode	varchar	NO"||||
"tblLookUpAllegationStmt	strDescription	varchar	YES"||||
"tblLookUpAllegationStmt	datCreatedOn	datetime	YES"||||
"tblLookUpAllegationStmt	datModifiedOn	datetime	YES"||||
"tblLookUpAllegationStmt	blnActive	bit	NO"||||
"tblLookupAppealIssues	idnAppealIssues	int	NO"||||
"tblLookupAppealIssues	strCode	varchar	NO"||||
"tblLookupAppealIssues	strDescription	varchar	YES"||||
"tblLookupAppealIssues	blnActive	bit	NO"||||
"tblLookupAppealIssues	datCreatedOn	datetime	YES"||||
"tblLookupAppealIssues	datModifiedOn	datetime	YES"||||
"tbllookupAppealType	idnAppealType	int	NO"||||
"tbllookupAppealType	strApplCode	varchar	NO"||||
"tbllookupAppealType	strApplDescription	varchar	YES"||||
"tbllookupAppealType	datCreatedOn	datetime	YES"||||
"tbllookupAppealType	datModifiedOn	datetime	YES"||||
"tbllookupAppealType	blnActive	bit	NO"||||
"tbllookupAppealType	blnDDAppeal	bit	YES"||||
"tblLookupBaseCity	idnBaseCity	int	NO"||||
"tblLookupBaseCity	BASE_CITY_CODE	varchar	YES"||||
"tblLookupBaseCity	BASE_CITY_NAME	varchar	YES"||||
"tblLookupBaseCity	BaseAutomated	varchar	YES"||||
"tblLookupBaseCity	BASE_ST_ADDRESS	varchar	YES"||||
"tblLookupBaseCity	BASE_CITY	varchar	YES"||||
"tblLookupBaseCity	BASE_STATE	varchar	YES"||||
"tblLookupBaseCity	BASE_ZIP_1	varchar	YES"||||
"tblLookupBaseCity	BASE_ZIP_2	varchar	YES"||||
"tblLookupBaseCity	BASE_PHONE_NO	varchar	YES"||||
"tblLookupBaseCity	strRegion	varchar	YES"||||
"tblLookupBaseCity	BaseEoir1Flag	varchar	YES"||||
"tblLookupBaseCity	BaseEoir1Code	varchar	YES"||||
"tblLookupBaseCity	BaseEoir1Suba	varchar	YES"||||
"tblLookupBaseCity	BaseEoir1Subb	varchar	YES"||||
"tblLookupBaseCity	BaseEoir1Subc	varchar	YES"||||
"tblLookupBaseCity	BaseEoir1Subd	varchar	YES"||||
"tblLookupBaseCity	BaseEoir1Sube	varchar	YES"||||
"tblLookupBaseCity	BaseEoir1Subf	varchar	YES"||||
"tblLookupBaseCity	BaseEoir2Flag	varchar	YES"||||
"tblLookupBaseCity	BaseEoir2Code	varchar	YES"||||
"tblLookupBaseCity	BaseEoir2Suba	varchar	YES"||||
"tblLookupBaseCity	BaseEoir2Subb	varchar	YES"||||
"tblLookupBaseCity	BaseEoir2Subc	varchar	YES"||||
"tblLookupBaseCity	BaseEoir2Subd	varchar	YES"||||
"tblLookupBaseCity	BaseEoir2Sube	varchar	YES"||||
"tblLookupBaseCity	BaseEoir2Subf	varchar	YES"||||
"tblLookupBaseCity	BaseEoir5Flag	varchar	YES"||||
"tblLookupBaseCity	BaseEoir5Code	varchar	YES"||||
"tblLookupBaseCity	BaseEoir5Suba	varchar	YES"||||
"tblLookupBaseCity	BaseEoir5Subb	varchar	YES"||||
"tblLookupBaseCity	BaseEoir5Subc	varchar	YES"||||
"tblLookupBaseCity	BaseEoir5Subd	varchar	YES"||||
"tblLookupBaseCity	BaseEoir5Sube	varchar	YES"||||
"tblLookupBaseCity	BaseEoir5Subf	varchar	YES"||||
"tblLookupBaseCity	BaseEoir6Flag	varchar	YES"||||
"tblLookupBaseCity	BaseEoir6Code	varchar	YES"||||
"tblLookupBaseCity	BaseEoir6Suba	varchar	YES"||||
"tblLookupBaseCity	BaseEoir6Subb	varchar	YES"||||
"tblLookupBaseCity	BaseEoir6Subc	varchar	YES"||||
"tblLookupBaseCity	BaseEoir6Subd	varchar	YES"||||
"tblLookupBaseCity	BaseEoir6Sube	varchar	YES"||||
"tblLookupBaseCity	BaseEoir6Subf	varchar	YES"||||
"tblLookupBaseCity	BaseEoir7Flag	varchar	YES"||||
"tblLookupBaseCity	BaseEoir7Code	varchar	YES"||||
"tblLookupBaseCity	BaseEoir7Suba	varchar	YES"||||
"tblLookupBaseCity	BaseEoir7Subb	varchar	YES"||||
"tblLookupBaseCity	BaseEoir7Subc	varchar	YES"||||
"tblLookupBaseCity	BaseEoir7Subd	varchar	YES"||||
"tblLookupBaseCity	BaseEoir7Sube	varchar	YES"||||
"tblLookupBaseCity	BaseEoir7Subf	varchar	YES"||||
"tblLookupBaseCity	BaseEoir34Flag	varchar	YES"||||
"tblLookupBaseCity	BaseEoir34Code	varchar	YES"||||
"tblLookupBaseCity	BaseEoir34Suba	varchar	YES"||||
"tblLookupBaseCity	BaseEoir34Subb	varchar	YES"||||
"tblLookupBaseCity	BaseEoir34Subc	varchar	YES"||||
"tblLookupBaseCity	BaseEoir34Subd	varchar	YES"||||
"tblLookupBaseCity	BaseEoir34Sube	varchar	YES"||||
"tblLookupBaseCity	BaseEoir34Subf	varchar	YES"||||
"tblLookupBaseCity	BaseEoir35Flag	varchar	YES"||||
"tblLookupBaseCity	BaseEoir35Code	varchar	YES"||||
"tblLookupBaseCity	BaseEoir35Suba	varchar	YES"||||
"tblLookupBaseCity	BaseEoir35Subb	varchar	YES"||||
"tblLookupBaseCity	BaseEoir35Subc	varchar	YES"||||
"tblLookupBaseCity	BaseEoir35Subd	varchar	YES"||||
"tblLookupBaseCity	BaseEoir35Sube	varchar	YES"||||
"tblLookupBaseCity	BaseEoir35Subf	varchar	YES"||||
"tblLookupBaseCity	BaseEoir36Flag	varchar	YES"||||
"tblLookupBaseCity	BaseEoir36Code	varchar	YES"||||
"tblLookupBaseCity	BaseEoir36Suba	varchar	YES"||||
"tblLookupBaseCity	BaseEoir36Subb	varchar	YES"||||
"tblLookupBaseCity	BaseEoir36Subc	varchar	YES"||||
"tblLookupBaseCity	BaseEoir36Subd	varchar	YES"||||
"tblLookupBaseCity	BaseEoir36Sube	varchar	YES"||||
"tblLookupBaseCity	BaseEoir36Subf	varchar	YES"||||
"tblLookupBaseCity	BaseEoir39Flag	varchar	YES"||||
"tblLookupBaseCity	BaseEoir39Code	varchar	YES"||||
"tblLookupBaseCity	BaseEoir39Suba	varchar	YES"||||
"tblLookupBaseCity	BaseEoir39Subb	varchar	YES"||||
"tblLookupBaseCity	BaseEoir39Subc	varchar	YES"||||
"tblLookupBaseCity	BaseEoir39Subd	varchar	YES"||||
"tblLookupBaseCity	BaseEoir39Sube	varchar	YES"||||
"tblLookupBaseCity	BaseEoir39Subf	varchar	YES"||||
"tblLookupBaseCity	I122Flag	varchar	YES"||||
"tblLookupBaseCity	I122Code	varchar	YES"||||
"tblLookupBaseCity	I122Suba	varchar	YES"||||
"tblLookupBaseCity	I122Subb	varchar	YES"||||
"tblLookupBaseCity	I122Subc	varchar	YES"||||
"tblLookupBaseCity	I122Subd	varchar	YES"||||
"tblLookupBaseCity	I122Sube	varchar	YES"||||
"tblLookupBaseCity	I122Subf	varchar	YES"||||
"tblLookupBaseCity	RopDefault	varchar	YES"||||
"tblLookupBaseCity	RopPrtClass	varchar	YES"||||
"tblLookupBaseCity	BaseSplPrtClass	varchar	YES"||||
"tblLookupBaseCity	datCreatedOn	datetime	NO"||||
"tblLookupBaseCity	datModifiedOn	datetime	YES"||||
"tblLookupBaseCity	blnActive	bit	NO"||||
"tblLookupBaseCity	blnBCIS	bit	YES"||||
"tblLookupBIA	idnBIA	int	NO"||||
"tblLookupBIA	strCode	varchar	NO"||||
"tblLookupBIA	strGroup	varchar	NO"||||
"tblLookupBIA	blnActive	bit	NO"||||
"tblLookupBIA	datCreatedOn	datetime	YES"||||
"tblLookupBIA	datModifiedOn	datetime	YES"||||
"tblLookupBIA	strTeam	varchar	YES"||||
"tblLookupBIA	strPanel	varchar	YES"||||
"tblLookupBIA	blnSLStatus	bit	NO"||||
"tblLookupBIADecision	idnBIAdec	int	NO"||||
"tblLookupBIADecision	strCode	varchar	NO"||||
"tblLookupBIADecision	strDescription	varchar	YES"||||
"tblLookupBIADecision	blnActive	bit	NO"||||
"tblLookupBIADecision	datCreatedOn	datetime	YES"||||
"tblLookupBIADecision	datModifiedOn	datetime	YES"||||
"tblLookupBIADecisionType	idnBIAdecType	int	NO"||||
"tblLookupBIADecisionType	strCode	varchar	NO"||||
"tblLookupBIADecisionType	strDescription	varchar	YES"||||
"tblLookupBIADecisionType	blnActive	bit	NO"||||
"tblLookupBIADecisionType	datCreatedOn	datetime	YES"||||
"tblLookupBIADecisionType	datModifiedOn	datetime	YES"||||
"tblLookupBoardMotions	idnBoardMotion	int	NO"||||
"tblLookupBoardMotions	strBoardMotionCode	varchar	NO"||||
"tblLookupBoardMotions	strBoardMotionDescription	varchar	NO"||||
"tblLookupBoardMotions	datCreatedOn	datetime	NO"||||
"tblLookupBoardMotions	datModifiedOn	datetime	YES"||||
"tblLookupBoardMotions	blnActive	bit	NO"||||
"tblLookupBoardMotions	strHelp	varchar	YES"||||
"tblLookupBoardMotions	strAllowedDecisions	varchar	YES"||||
"tblLookupBoardMotions	intMandatoryResponseDueByDays	int	NO"||||
"tblLookupBoardMotions	intMandatoryIJDecisionByDays	int	NO"||||
"tbllookupCal_Type	idnCalType	int	NO"||||
"tbllookupCal_Type	strCalTypeCode	char	NO"||||
"tbllookupCal_Type	strCalTypeDescription	varchar	NO"||||
"tbllookupCal_Type	datCreatedOn	datetime	YES"||||
"tbllookupCal_Type	datModifiedOn	datetime	YES"||||
"tbllookupCal_Type	blnActive	bit	NO"||||
"tblLookupCallup_Reasons	idnCalTypeReason	int	NO"||||
"tblLookupCallup_Reasons	strcode	varchar	NO"||||
"tblLookupCallup_Reasons	strDesciption	varchar	YES"||||
"tblLookupCallup_Reasons	Regd_By	varchar	YES"||||
"tblLookupCallup_Reasons	datCreatedOn	datetime	YES"||||
"tblLookupCallup_Reasons	datModifiedOn	datetime	YES"||||
"tblLookupCallup_Reasons	blnActive	bit	NO"||||
"tblLookUpCaseIdentifier	idnCaseIdentifier	int	NO"||||
"tblLookUpCaseIdentifier	strcode	varchar	NO"||||
"tblLookUpCaseIdentifier	strDescription	varchar	YES"||||
"tblLookUpCaseIdentifier	datCreatedOn	datetime	YES"||||
"tblLookUpCaseIdentifier	datModifiedOn	datetime	YES"||||
"tblLookUpCaseIdentifier	blnActive	bit	NO"||||
"tblLookupCaseType	idnCaseType	int	NO"||||
"tblLookupCaseType	strCode	varchar	NO"||||
"tblLookupCaseType	strDescription	varchar	YES"||||
"tblLookupCaseType	blnActive	bit	NO"||||
"tblLookupCaseType	datCreatedOn	datetime	YES"||||
"tblLookupCaseType	datModifiedOn	datetime	YES"||||
"tblLookupCaseType	strAnsirCode	char	YES"||||
"tbllookupCharges	idnCharges	int	NO"||||
"tbllookupCharges	strCode	varchar	NO"||||
"tbllookupCharges	strCodeString	varchar	YES"||||
"tbllookupCharges	strCodeDescription	varchar	YES"||||
"tbllookupCharges	applicable_case_type1	varchar	YES"||||
"tbllookupCharges	applicable_case_type2	varchar	YES"||||
"tbllookupCharges	applicable_case_type3	varchar	YES"||||
"tbllookupCharges	criminal_flag	bit	NO"||||
"tbllookupCharges	aggravate_felon	bit	NO"||||
"tbllookupCharges	DatCreatedOn	datetime	YES"||||
"tbllookupCharges	DatModifiedOn	datetime	YES"||||
"tbllookupCharges	blnActive	bit	NO"||||
"tblLookupClaimedIssue	idnClaimedIssue	int	NO"||||
"tblLookupClaimedIssue	strCode	varchar	NO"||||
"tblLookupClaimedIssue	strDescription	varchar	YES"||||
"tblLookupClaimedIssue	blnActive	bit	NO"||||
"tblLookupClaimedIssue	datCreatedOn	datetime	YES"||||
"tblLookupClaimedIssue	datModifiedOn	datetime	YES"||||
"tblLookupCommentTypeBoard	idnCommBrd	int	NO"||||
"tblLookupCommentTypeBoard	strcode	varchar	NO"||||
"tblLookupCommentTypeBoard	strDescription	varchar	YES"||||
"tblLookupCommentTypeBoard	datCreatedOn	datetime	YES"||||
"tblLookupCommentTypeBoard	datModifiedOn	datetime	YES"||||
"tblLookupCommentTypeBoard	blnActive	bit	NO"||||
"tblLookupComponents	idnComp	int	NO"||||
"tblLookupComponents	strCompCode	varchar	NO"||||
"tblLookupComponents	strCompDescription	varchar	YES"||||
"tblLookupComponents	datCreatedOn	datetime	YES"||||
"tblLookupComponents	datModifiedOn	datetime	YES"||||
"tblLookupComponents	blnActive	bit	NO"||||
"tblLookupConsultedWith	idnConsultedWith	int	NO"||||
"tblLookupConsultedWith	strCode	varchar	NO"||||
"tblLookupConsultedWith	strDescription	varchar	YES"||||
"tblLookupConsultedWith	blnActive	bit	NO"||||
"tblLookupConsultedWith	datCreatedOn	datetime	YES"||||
"tblLookupConsultedWith	datModifiedOn	datetime	YES"||||
"tblLookupContactChange	idnContactChange	int	NO"||||
"tblLookupContactChange	strContactChangeCode	varchar	NO"||||
"tblLookupContactChange	strContactChangeDesc	varchar	YES"||||
"tblLookupContactChange	blnActive	bit	NO"||||
"tblLookupContactChange	datCreatedOn	datetime	YES"||||
"tblLookupContactChange	datModifiedOn	datetime	YES"||||
"tblLookupCountry	idnCountry	int	NO"||||
"tblLookupCountry	strCode	varchar	NO"||||
"tblLookupCountry	strDescription	varchar	YES"||||
"tblLookupCountry	blnActive	bit	NO"||||
"tblLookupCountry	datCreatedOn	datetime	YES"||||
"tblLookupCountry	datModifiedOn	datetime	YES"||||
"tblLookupCourtAppDecisions	idnCourtApplnDec	int	NO"||||
"tblLookupCourtAppDecisions	strCourtApplnDecCode	varchar	NO"||||
"tblLookupCourtAppDecisions	strCourtApplnDecDesc	varchar	NO"||||
"tblLookupCourtAppDecisions	blnActive	bit	NO"||||
"tblLookupCourtAppDecisions	datCreatedOn	datetime	NO"||||
"tblLookupCourtAppDecisions	datModifiedOn	datetime	YES"||||
"tblLookupCourtAppDecisions	Comments	varchar	YES"||||
"tblLookupCourtDecision	idnCourtDecision	int	NO"||||
"tblLookupCourtDecision	strCaseType	varchar	NO"||||
"tblLookupCourtDecision	strDecCode	varchar	NO"||||
"tblLookupCourtDecision	strDecDescription	varchar	YES"||||
"tblLookupCourtDecision	strDecType	varchar	NO"||||
"tblLookupCourtDecision	strFinalDisposition	varchar	NO"||||
"tblLookupCourtDecision	blnActive	bit	NO"||||
"tblLookupCourtDecision	datCreatedOn	datetime	YES"||||
"tblLookupCourtDecision	datModifiedOn	datetime	YES"||||
"tblLookupCustodyStatus	idnCustodyStatus	int	NO"||||
"tblLookupCustodyStatus	strCode	varchar	NO"||||
"tblLookupCustodyStatus	strSelecBoxVal	varchar	NO"||||
"tblLookupCustodyStatus	strDescription	varchar	YES"||||
"tblLookupCustodyStatus	blnActive	bit	NO"||||
"tblLookupCustodyStatus	datCreatedOn	datetime	YES"||||
"tblLookupCustodyStatus	datModifiedOn	datetime	YES"||||
"tblLookUpDDDecisionTypes	idnDDDecType	int	NO"||||
"tblLookUpDDDecisionTypes	strCode	varchar	NO"||||
"tblLookUpDDDecisionTypes	strDescription	varchar	YES"||||
"tblLookUpDDDecisionTypes	blnActive	bit	NO"||||
"tblLookUpDDDecisionTypes	datCreatedOn	datetime	YES"||||
"tblLookUpDDDecisionTypes	datModifiedOn	datetime	YES"||||
"tblLookUpDDDecisionTypes	strDecsription	varchar	YES"||||
"tblLookUpDDDecisionTypes	strFinalDisp	varchar	YES"||||
"tblLookupDistrictLocation	idnDestLoc	int	NO"||||
"tblLookupDistrictLocation	strCode	varchar	NO"||||
"tblLookupDistrictLocation	strDescription	varchar	YES"||||
"tblLookupDistrictLocation	blnActive	bit	NO"||||
"tblLookupDistrictLocation	datCreatedOn	datetime	YES"||||
"tblLookupDistrictLocation	datModifiedOn	datetime	YES"||||
"tblLookupFedCourtDecision	idnFedCourt	int	NO"||||
"tblLookupFedCourtDecision	strCode	varchar	NO"||||
"tblLookupFedCourtDecision	strDescription	varchar	YES"||||
"tblLookupFedCourtDecision	blnActive	bit	NO"||||
"tblLookupFedCourtDecision	datCreatedOn	datetime	YES"||||
"tblLookupFedCourtDecision	datModifiedOn	datetime	YES"||||
"tblLookupFedCourtRemandTo	idnFedCourtRem	int	NO"||||
"tblLookupFedCourtRemandTo	strCode	varchar	NO"||||
"tblLookupFedCourtRemandTo	strDescription	varchar	YES"||||
"tblLookupFedCourtRemandTo	blnActive	bit	NO"||||
"tblLookupFedCourtRemandTo	datCreatedOn	datetime	YES"||||
"tblLookupFedCourtRemandTo	datModifiedOn	datetime	YES"||||
"tblLookupFeeStatus	idnFee	int	NO"||||
"tblLookupFeeStatus	strCode	varchar	NO"||||
"tblLookupFeeStatus	strDescription	varchar	YES"||||
"tblLookupFeeStatus	blnActive	bit	NO"||||
"tblLookupFeeStatus	datCreatedOn	datetime	YES"||||
"tblLookupFeeStatus	datModifiedOn	datetime	YES"||||
"tblLookupFeeType	idnFeeType	int	NO"||||
"tblLookupFeeType	strCode	varchar	NO"||||
"tblLookupFeeType	strDescription	varchar	YES"||||
"tblLookupFeeType	curAmount	money	YES"||||
"tblLookupFeeType	blnActive	bit	NO"||||
"tblLookupFeeType	datCreatedOn	datetime	YES"||||
"tblLookupFeeType	datModifiedOn	datetime	YES"||||
"tblLookupFiledBy	idnFiled	int	NO"||||
"tblLookupFiledBy	strCode	varchar	NO"||||
"tblLookupFiledBy	strDescription	varchar	YES"||||
"tblLookupFiledBy	blnActive	bit	NO"||||
"tblLookupFiledBy	datCreatedOn	datetime	NO"||||
"tblLookupFiledBy	datModifiedOn	datetime	YES"||||
"tblLookupFiling_Method	idnFilingMethod	int	NO"||||
"tblLookupFiling_Method	strFilingMethodCode	varchar	NO"||||
"tblLookupFiling_Method	strFilingMethodDesc	varchar	NO"||||
"tblLookupFiling_Method	datCreatedOn	datetime	NO"||||
"tblLookupFiling_Method	datModifiedOn	datetime	YES"||||
"tblLookupFiling_Method	blnActive	bit	NO"||||
"tblLookupFiling_Method_Party	idnFilingParty	int	NO"||||
"tblLookupFiling_Method_Party	strFilingPartyCode	varchar	NO"||||
"tblLookupFiling_Method_Party	strFilingPartyDesc	varchar	NO"||||
"tblLookupFiling_Method_Party	datCreatedOn	datetime	YES"||||
"tblLookupFiling_Method_Party	datModifiedOn	datetime	YES"||||
"tblLookupFiling_Method_Party	blnActive	bit	NO"||||
"tblLookupFinalDisposition	idnFinDisp	int	NO"||||
"tblLookupFinalDisposition	strCode	varchar	NO"||||
"tblLookupFinalDisposition	strDescription	varchar	YES"||||
"tblLookupFinalDisposition	blnActive	bit	NO"||||
"tblLookupFinalDisposition	datCreatedOn	datetime	YES"||||
"tblLookupFinalDisposition	datModifiedOn	datetime	YES"||||
"tblLookupGender	idnGender	int	NO"||||
"tblLookupGender	strcode	varchar	NO"||||
"tblLookupGender	strDescription	varchar	NO"||||
"tblLookupGender	datCreatedOn	datetime	YES"||||
"tblLookupGender	datModifiedOn	datetime	YES"||||
"tblLookupGender	blnActive	bit	NO"||||
"tblLookupHloc	idnHloc	int	NO"||||
"tblLookupHloc	HEARING_LOC_CODE	varchar	NO"||||
"tblLookupHloc	HEARING_LOC_NAME	varchar	YES"||||
"tblLookupHloc	HEARING_CORR_TITLE	varchar	YES"||||
"tblLookupHloc	HEARING_ST_ADDRESS	varchar	YES"||||
"tblLookupHloc	HEARING_CITY	varchar	YES"||||
"tblLookupHloc	HEARING_STATE	varchar	YES"||||
"tblLookupHloc	HEARING_ZIP	varchar	YES"||||
"tblLookupHloc	HEARING_PHONE_NO	varchar	YES"||||
"tblLookupHloc	HEARING_BASE_CITY	varchar	NO"||||
"tblLookupHloc	Hear_Admin_Hear_Loc	varchar	YES"||||
"tblLookupHloc	Hear_Trans_COV_City	varchar	YES"||||
"tblLookupHloc	Hear_Det_Type	varchar	YES"||||
"tblLookupHloc	Hear_Active_Flg	varchar	YES"||||
"tblLookupHloc	datCreatedOn	datetime	YES"||||
"tblLookupHloc	datModifiedOn	datetime	YES"||||
"tblLookupHloc	blnActive	bit	NO"||||
"tblLookupHloc	ROPLoc	varchar	YES"||||
"tblLookupHloc	intCalDetainDays	int	NO"||||
"tblLookupHloc	intCalINSAsyPDays	int	NO"||||
"tblLookupHloc	intCalINSAsyMDays	int	NO"||||
"tblLookupHloc	intCalINSDays	int	NO"||||
"tblLookupHloc	intCalEOIRDays	int	NO"||||
"tblLookupHloc	intCalCFRDays	int	NO"||||
"tblLookupHloc	intCalCDRDays	int	NO"||||
"tblLookupHloc	CircuitCourt	int	YES"||||
"tblLookupHloc	blnPrnWksOnAdd	bit	NO"||||
"tblLookupHloc	blnPrnRopOnAdd	bit	NO"||||
"tblLookupHoldReason	strCode	varchar	NO"||||
"tblLookupHoldReason	strDescription	varchar	YES"||||
"tblLookupHoldReason	blnActive	bit	NO"||||
"tblLookupHoldReason	datCreatedOn	datetime	YES"||||
"tblLookupHoldReason	datModifiedOn	datetime	YES"||||
"tblLookupHoldReason	idnRepl	int	NO"||||
"tblLookupHolidays	idnHoliday	int	NO"||||
"tblLookupHolidays	datHoliday	datetime	NO"||||
"tblLookupHolidays	strHoliday	varchar	YES"||||
"tblLookupHolidays	Holiday_Day	varchar	YES"||||
"tblLookupHolidays	blnActive	bit	NO"||||
"tblLookupHolidays	datCreatedOn	datetime	YES"||||
"tblLookupHolidays	datModifiedOn	datetime	YES"||||
"tblLookupInmate	ID	int	NO"||||
"tblLookupInmate	INMATE_BASE	varchar	NO"||||
"tblLookupInmate	INMATE_CODE	varchar	NO"||||
"tblLookupInmate	INMATE_NAME	varchar	YES"||||
"tblLookupInmate	INMATE_ADDRESS	varchar	YES"||||
"tblLookupInmate	INMATE_CITY	varchar	YES"||||
"tblLookupInmate	INMATE_ST	varchar	YES"||||
"tblLookupInmate	INMATE_ZIP	varchar	YES"||||
"tblLookupInmate	INMATE_PHONE	varchar	YES"||||
"tblLookupInmate	datCreatedOn	datetime	YES"||||
"tblLookupInmate	datModifiedOn	datetime	YES"||||
"tblLookupInmate	blnActive	bit	NO"||||
"tblLookUpINSAddress	idnLookupINSAddress	int	NO"||||
"tblLookUpINSAddress	strCode	varchar	NO"||||
"tblLookUpINSAddress	strName	varchar	YES"||||
"tblLookUpINSAddress	strAddress	varchar	YES"||||
"tblLookUpINSAddress	strCity	varchar	YES"||||
"tblLookUpINSAddress	strState	varchar	YES"||||
"tblLookUpINSAddress	strZip	varchar	YES"||||
"tblLookUpINSAddress	datCreatedOn	datetime	YES"||||
"tblLookUpINSAddress	datModifiedOn	datetime	YES"||||
"tblLookUpINSAddress	blnActive	bit	YES"||||
"tblLookupINSLOC	ID	int	NO"||||
"tblLookupINSLOC	INSLOC_CODE	varchar	NO"||||
"tblLookupINSLOC	INSLOC_INFO	varchar	YES"||||
"tblLookupINSLOC	INSLOC_ASY	varchar	YES"||||
"tblLookupINSLOC	datCreatedOn	datetime	YES"||||
"tblLookupINSLOC	datModifiedOn	datetime	YES"||||
"tblLookupINSLOC	blnActive	bit	NO"||||
"tblLookupINSTA	ID	int	NO"||||
"tblLookupINSTA	INSTA_BASE	varchar	NO"||||
"tblLookupINSTA	datCreatedOn	datetime	YES"||||
"tblLookupINSTA	datModifiedOn	datetime	YES"||||
"tblLookupINSTA	blnActive	bit	NO"||||
"tblLookupInTrPr	IDNIntrpr	int	NO"||||
"tblLookupInTrPr	Inhouse_Flag	varchar	YES"||||
"tblLookupInTrPr	IntrCode	varchar	NO"||||
"tblLookupInTrPr	Base_city	varchar	NO"||||
"tblLookupInTrPr	IntrHloc	varchar	YES"||||
"tblLookupInTrPr	datCreatedOn	datetime	NO"||||
"tblLookupInTrPr	datModifiedOn	datetime	YES"||||
"tblLookupInTrPr	blnActive	bit	NO"||||
"tblLookupInTrPrAgenda	idnIntrPrAgenda	int	NO"||||
"tblLookupInTrPrAgenda	IntrCode	varchar	NO"||||
"tblLookupInTrPrAgenda	Base_city	varchar	NO"||||
"tblLookupInTrPrAgenda	LanguageWorkday	varchar	NO"||||
"tblLookupInTrPrAgenda	LanguageCode	varchar	NO"||||
"tblLookupInTrPrAgenda	IntrHloc	varchar	YES"||||
"tblLookupInTrPrAgenda	StartTime	varchar	YES"||||
"tblLookupInTrPrAgenda	EndTime	varchar	YES"||||
"tblLookupInTrPrAgenda	BreakStartTime	varchar	YES"||||
"tblLookupInTrPrAgenda	BreakEndTime	varchar	YES"||||
"tblLookupInTrPrAgenda	datCreatedOn	datetime	NO"||||
"tblLookupInTrPrAgenda	datModifiedOn	datetime	YES"||||
"tblLookupInTrPrAgenda	blnActive	bit	NO"||||
"tblLookupIntrPrLang	idnintrprLang	int	NO"||||
"tblLookupIntrPrLang	IntrCode	varchar	NO"||||
"tblLookupIntrPrLang	Base_city	varchar	NO"||||
"tblLookupIntrPrLang	LanguageCode	varchar	NO"||||
"tblLookupIntrPrLang	DATCREATEDON	datetime	YES"||||
"tblLookupIntrPrLang	DATMODIFIEDON	datetime	YES"||||
"tblLookupInTrPrLangGroup	idnIntrLangGroup	int	NO"||||
"tblLookupInTrPrLangGroup	LanguageCode	varchar	NO"||||
"tblLookupInTrPrLangGroup	Base_city	varchar	NO"||||
"tblLookupInTrPrLangGroup	MasterGroupFlag	varchar	YES"||||
"tblLookupInTrPrLangGroup	IndivGroupFlag	varchar	YES"||||
"tblLookupInTrPrLangGroup	DATCREATEDON	datetime	YES"||||
"tblLookupInTrPrLangGroup	DATMODIFIEDON	datetime	YES"||||
"tblLookupJudge	idnJudge	int	NO"||||
"tblLookupJudge	JUDGE_CODE	varchar	NO"||||
"tblLookupJudge	JUDGE_NAME	varchar	NO"||||
"tblLookupJudge	JUDGE_ST_ADDRESS	varchar	YES"||||
"tblLookupJudge	JUDGE_CITY	varchar	YES"||||
"tblLookupJudge	JUDGE_STATE	varchar	YES"||||
"tblLookupJudge	JUDGE_ZIP_1	varchar	YES"||||
"tblLookupJudge	JUDGE_ZIP_2	varchar	YES"||||
"tblLookupJudge	JUDGE_PHONE_NO	varchar	YES"||||
"tblLookupJudge	datCreatedOn	datetime	YES"||||
"tblLookupJudge	datModifiedOn	datetime	YES"||||
"tblLookupJudge	blnActive	bit	NO"||||
"tblLookupJudge	blnSkippedOnWheel	bit	NO"||||
"tblLookupJudge	blnLastOnWheel	bit	NO"||||
"tblLookupJudge	blnSkippedOnWheelMA	bit	NO"||||
"tblLookupJudge	blnLastOnWheelMA	bit	NO"||||
"tblLookupJudge	intOrderMA	int	NO"||||
"tblLookupJudge	intOrderMM	int	NO"||||
"tblLookupJudgeBaseCity	idnJudgeCity	int	NO"||||
"tblLookupJudgeBaseCity	BASE_CITY_CODE	varchar	NO"||||
"tblLookupJudgeBaseCity	JUDGE_CODE	varchar	NO"||||
"tblLookupJudgeBaseCity	JUDGE_NAME	varchar	NO"||||
"tblLookupJudgeBaseCity	JUDGE_ST_ADDRESS	varchar	YES"||||
"tblLookupJudgeBaseCity	JUDGE_CITY	varchar	YES"||||
"tblLookupJudgeBaseCity	JUDGE_STATE	varchar	YES"||||
"tblLookupJudgeBaseCity	JUDGE_ZIP	varchar	YES"||||
"tblLookupJudgeBaseCity	JUDGE_PHONE_NO	varchar	YES"||||
"tblLookupJudgeBaseCity	JUBOOKFACT	varchar	YES"||||
"tblLookupJudgeBaseCity	JUDATE	datetime	YES"||||
"tblLookupJudgeBaseCity	JUTIME	varchar	YES"||||
"tblLookupJudgeBaseCity	JULOC	varchar	YES"||||
"tblLookupJudgeBaseCity	JULOC2	varchar	YES"||||
"tblLookupJudgeBaseCity	JULOC3	varchar	YES"||||
"tblLookupJudgeBaseCity	JULOC4	varchar	YES"||||
"tblLookupJudgeBaseCity	JUCOURTROOM	varchar	YES"||||
"tblLookupJudgeBaseCity	JUCOURTROOM2	varchar	YES"||||
"tblLookupJudgeBaseCity	JUCOURTROOM3	varchar	YES"||||
"tblLookupJudgeBaseCity	JUCOURTROOM4	varchar	YES"||||
"tblLookupJudgeBaseCity	JUINDATE	datetime	YES"||||
"tblLookupJudgeBaseCity	JUINTIME	varchar	YES"||||
"tblLookupJudgeBaseCity	JUMODDATE	datetime	YES"||||
"tblLookupJudgeBaseCity	JUMODTIME	varchar	YES"||||
"tblLookupJudgeBaseCity	datCreatedOn	datetime	YES"||||
"tblLookupJudgeBaseCity	datModifiedOn	datetime	YES"||||
"tblLookupJudgeBaseCity	blnActive	bit	NO"||||
"tblLookupMotionType	idnMotionType	int	NO"||||
"tblLookupMotionType	strMotionCode	varchar	NO"||||
"tblLookupMotionType	strMotionType	char	NO"||||
"tblLookupMotionType	strMotionDesc	varchar	NO"||||
"tblLookupMotionType	strMotionSummary	ntext	YES"||||
"tblLookupMotionType	strFilingPartyCodes	varchar	NO"||||
"tblLookupMotionType	strLegacyCode	char	YES"||||
"tblLookupMotionType	datCreatedOn	datetime	YES"||||
"tblLookupMotionType	datModifiedOn	datetime	YES"||||
"tblLookupMotionType	blnActive	bit	NO"||||
"tblLookupMotionType	blnFilePriortoIJDecision	bit	NO"||||
"tblLookupMotionType	blnFileAfterIJDecision	bit	NO"||||
"tblLookupMotionType	intMandatoryIJDecisionByDays	int	YES"||||
"tblLookupMotionType	blnFeeRequired	bit	NO"||||
"tblLookupMotionType	blnFileOrally	bit	NO"||||
"tblLookupMotionType	blnHearingRequiredtoFile	bit	NO"||||
"tblLookupMotionType	blnAdminCompleteReq	bit	NO"||||
"tblLookupMotionType	blnIJGrantPriorToHearing	bit	YES"||||
"tblLookupMotionType	blnCertServiceReqd	bit	NO"||||
"tblLookupMotionType	blnAsylClockAffected	bit	NO"||||
"tblLookupMotionType	blnAsylClockAffectedStart	bit	NO"||||
"tblLookupMotionType	IntMandatoryResponseDueByDaysDefault	int	NO"||||
"tblLookupNationality	ID	int	NO"||||
"tblLookupNationality	NAT_CODE	varchar	NO"||||
"tblLookupNationality	NAT_NAME	varchar	YES"||||
"tblLookupNationality	NAT_COUNTRY_NAME	varchar	YES"||||
"tblLookupNationality	NAT_NACARA_COUNTRY	varchar	YES"||||
"tblLookupNationality	datCreatedOn	datetime	YES"||||
"tblLookupNationality	datModifiedOn	datetime	YES"||||
"tblLookupNationality	blnActive	bit	NO"||||
"tblLookupNOTICE	IDNNOTORD	int	NO"||||
"tblLookupNOTICE	Notice_Code	varchar	NO"||||
"tblLookupNOTICE	Notice_Disp	varchar	YES"||||
"tblLookupNOTICE	datCreatedOn	datetime	YES"||||
"tblLookupNOTICE	datModifiedOn	datetime	YES"||||
"tblLookupNOTICE	blnActive	bit	NO"||||
"tblLookupNOTICE	strNoticeOrder	char	YES"||||
"tblLookupOAResponse	idnOAResp	int	NO"||||
"tblLookupOAResponse	strCode	varchar	NO"||||
"tblLookupOAResponse	strDescription	varchar	YES"||||
"tblLookupOAResponse	blnActive	bit	NO"||||
"tblLookupOAResponse	datCreatedOn	datetime	YES"||||
"tblLookupOAResponse	datModifiedOn	datetime	YES"||||
"tblLookupOfficeLocation	idnOffLoc	int	NO"||||
"tblLookupOfficeLocation	strCode	varchar	NO"||||
"tblLookupOfficeLocation	strDescription	varchar	YES"||||
"tblLookupOfficeLocation	blnActive	bit	NO"||||
"tblLookupOfficeLocation	datCreatedOn	datetime	YES"||||
"tblLookupOfficeLocation	datModifiedOn	datetime	YES"||||
"tblLookupPriority	idnPriority	int	NO"||||
"tblLookupPriority	strCode	varchar	NO"||||
"tblLookupPriority	strDescription	varchar	YES"||||
"tblLookupPriority	strDays	int	YES"||||
"tblLookupPriority	blnActive	bit	NO"||||
"tblLookupPriority	datCreatedOn	datetime	YES"||||
"tblLookupPriority	datModifiedOn	datetime	YES"||||
"tblLookupRegion	idnRegion	int	NO"||||
"tblLookupRegion	strcode	varchar	NO"||||
"tblLookupRegion	strDescription	varchar	YES"||||
"tblLookupRegion	datCreatedOn	datetime	YES"||||
"tblLookupRegion	datModifiedOn	datetime	YES"||||
"tblLookupRegion	blnActive	bit	NO"||||
"tbllookupSchedule_Type	idnSchType	int	NO"||||
"tbllookupSchedule_Type	strCode	varchar	NO"||||
"tbllookupSchedule_Type	strDescription	varchar	NO"||||
"tbllookupSchedule_Type	datCreatedOn	datetime	YES"||||
"tbllookupSchedule_Type	datModifiedOn	datetime	YES"||||
"tbllookupSchedule_Type	strSchedType	varchar	YES"||||
"tbllookupSchedule_Type	blnActive	bit	NO"||||
"tbllookupSchedule_Type	blnSubsequent	bit	NO"||||
"tblLookupService_Method	idnCertificateOfServiceMeth	int	NO"||||
"tblLookupService_Method	strCertificateOfServiceMethCode	char	NO"||||
"tblLookupService_Method	strCertificateOfServiceMethDesc	varchar	NO"||||
"tblLookupService_Method	datCreatedOn	datetime	YES"||||
"tblLookupService_Method	datModifiedOn	datetime	YES"||||
"tblLookupService_Method	blnActive	bit	NO"||||
"tblLookupSpecialIssue	idnSpecIssue	int	NO"||||
"tblLookupSpecialIssue	strCode	varchar	NO"||||
"tblLookupSpecialIssue	strDescription	varchar	YES"||||
"tblLookupSpecialIssue	blnActive	bit	NO"||||
"tblLookupSpecialIssue	datCreatedOn	datetime	YES"||||
"tblLookupSpecialIssue	datModifiedOn	datetime	YES"||||
"tblLookupState	idnState	int	NO"||||
"tblLookupState	state_code	varchar	NO"||||
"tblLookupState	state_name	varchar	YES"||||
"tblLookupState	datCreatedOn	datetime	YES"||||
"tblLookupState	datModifiedOn	datetime	YES"||||
"tblLookupState	blnActive	bit	NO"||||
"tblLookupTranscribers	idnTranscribers	int	NO"||||
"tblLookupTranscribers	intTAT	int	NO"||||
"tblLookupTranscribers	curCostPerPageTrans	money	NO"||||
"tblLookupTranscribers	blnActive	bit	NO"||||
"tblLookupTranscribers	datCreatedOn	datetime	YES"||||
"tblLookupTranscribers	datModifiedOn	datetime	YES"||||
"tblLookupTranscribers	curCostPerPageDecision	money	YES"||||
"tblLookupTranscribers	curCostPerPageReprint	money	YES"||||
"tblLookupTranscribers	curCostPerPageRetype	money	YES"||||
"tblLookupTranscribers	curCostTransPriority	money	YES"||||
"tblLookupTranscribers	curCostDecisionPriority	money	YES"||||
"tblLookupVote	idnVote	int	NO"||||
"tblLookupVote	strCode	varchar	NO"||||
"tblLookupVote	strDescription	varchar	YES"||||
"tblLookupVote	blnActive	bit	NO"||||
"tblLookupVote	datCreatedOn	datetime	YES"||||
"tblLookupVote	datModifiedOn	datetime	YES"||||
"tblPanels	idnPanel	int	NO"||||
"tblPanels	strCode	varchar	NO"||||
"tblPanels	strDescription	varchar	YES"||||
"tblPanels	blnActive	bit	NO"||||
"tblPanels	datCreatedOn	datetime	YES"||||
"tblPanels	datModifiedOn	datetime	YES"||||
"tblProBono	Case_type	varchar	YES"||||
"tblProBono	DEC_212C	varchar	YES"||||
"tblProBono	DEC_245	varchar	YES"||||
"tblProBono	NBR_OF_CHGS	varchar	YES"||||
"tblProBono	Other_dec1	varchar	YES"||||
"tblProBono	Other_dec2	varchar	YES"||||
"tblProBono	P_EOIR42A_DEC	varchar	YES"||||
"tblProBono	P_EOIR42B_DEC	varchar	YES"||||
"tblProBono	VD_DEC	varchar	YES"||||
"tblProBono	WD_DEC	varchar	YES"||||
"tblProBono	strCorFacility	varchar	YES"||||
"tblProBono	datTranscriptServedAlien	datetime	YES"||||
"tblProBono	strProceedingIHP	varchar	YES"||||
"tblProBono	strFiledby	varchar	YES"||||
"tblProBono	strNat	varchar	YES"||||
"tblProBono	strLang	varchar	YES"||||
"tblProBono	blnOARequestedbyAlien	bit	NO"||||
"tblProBono	blnOARequestedbyINS	bit	NO"||||
"tblProBono	blnOARequestedbyAmicus	bit	NO"||||
"tblProBono	Charge_1	varchar	YES"||||
"tblProBono	Charge_2	varchar	YES"||||
"tblProBono	Charge_3	varchar	YES"||||
"tblProBono	Charge_4	varchar	YES"||||
"tblProBono	Charge_5	varchar	YES"||||
"tblProBono	Charge_6	varchar	YES"||||
"tblProBono	recd_212C	varchar	YES"||||
"tblProBono	recd_245	varchar	YES"||||
"tblProBono	VD_recd	varchar	YES"||||
"tblProBono	WD_recd	varchar	YES"||||
"tblProBono	other_recd1	varchar	YES"||||
"tblProBono	other_recd2	varchar	YES"||||
"tblProBono	P_EOIR42A_Recd	varchar	YES"||||
"tblProBono	P_EOIR42B_Recd	varchar	YES"||||
"tblProBono	Dec_Code	varchar	YES"||||
"tblProBono	other_comp	varchar	YES"||||
"tblProBono	CRIM_IND	varchar	YES"||||
"tblProBono	strA1	varchar	YES"||||
"tblProBono	strA2	varchar	YES"||||
"tblProBono	strA3	varchar	YES"||||
"tblProBono	strAlienRegion	varchar	YES"||||
"tblProBono	strAlienGender	varchar	YES"||||
"tblProBono	strINSStatus	varchar	YES"||||
"tblProBono	strPossibility	varchar	YES"||||
"tblProBono	datROPreview	datetime	YES"||||
"tblProBono	blnSelectedbyCoordinator	bit	NO"||||
"tblProBono	blnSelectedbyScreener	bit	NO"||||
"tblProBono	OptionA	int	YES"||||
"tblProBono	DCO_Location	varchar	YES"||||
"tblProBono	CaseID	varchar	YES"||||
"tblProBono	Date_Of_Entry	datetime	YES"||||
"tblProBono	Inmate_Housing	varchar	YES"||||
"tblProBono	datmailedtoNGO	datetime	YES"||||
"tblProBono	idnAppeal	int	YES"||||
"tblProBono	datBriefCurrentlyDueAlien	datetime	YES"||||
"tblProBono	idnRepl	int	NO"||||
"tblProBono	blnIntrpr	bit	YES"||||
"tblProBono	strIntrprLang	varchar	YES"||||
"tblProBono	ScreenerIdn	int	YES"||||
"tblProBono	strDCAddress1	varchar	YES"||||
"tblProBono	strDCAddress2	varchar	YES"||||
"tblProBono	strDCCity	varchar	YES"||||
"tblProBono	strDCState	varchar	YES"||||
"tblProBono	strDCZip	varchar	YES"||||
"tblProBono	blnProcessed	bit	YES"||||
"tblProBono	datCreatedOn	datetime	YES"||||
"tblProBono	datModifiedOn	datetime	YES"||||
"tblProBono	strCustody	varchar	YES"||||
"tblResponsibleParty	idnResponsibleParty	int	NO"||||
"tblResponsibleParty	strResponsiblePartyDescription	varchar	YES"||||
"tblResponsibleParty	blnActive	bit	NO"||||
"tblResponsibleParty	datCreatedOn	datetime	YES"||||
"tblResponsibleParty	datModifiedOn	datetime	YES"||||
"tblResponsibleParty	lngLocationTypeID	int	YES"||||
"tblTeams	idnTeam	int	NO"||||
"tblTeams	strCode	varchar	NO"||||
"tblTeams	strDescription	varchar	YES"||||
"tblTeams	blnActive	bit	NO"||||
"tblTeams	datCreatedOn	datetime	YES"||||
"tblTeams	datModifiedOn	datetime	YES"||||
"tblThreeMbrReferrals	idn3MemberReferral	int	NO"||||
"tblThreeMbrReferrals	lngAppealID	int	NO"||||
"tblThreeMbrReferrals	datReferredTo3Member	datetime	NO"||||
"tblThreeMbrReferrals	datRemovedFromReferral	datetime	YES"||||
"tblTortureConvID	idnTorConv	int	NO"||||
"tblTortureConvID	strcode	varchar	NO"||||
"tblTortureConvID	strDescription	varchar	YES"||||
"tblTortureConvID	datCreatedOn	datetime	YES"||||
"tblTortureConvID	datModifiedOn	datetime	YES"||||
"tblTortureConvID	blnActive	bit	YES"||||
